"Truth","Measured"
15,15.1874338706552
15,14.9670124380345
15,15.1003316054895
15,15.1223023972455
15,14.9231437161436
15,14.9293993801544
15,15.0594464154628
15,15.453426098972
15,14.6429299598711
15,15.2781838562885
15,15.1998851113641
15,15.4189299511829
15,15.0087448229097
15,15.2110056429749
15,15.1801296372317
15,14.9372439907025
15,15.462360341795
15,15.4481207847085
15,15.3100640948545
15,15.5760500363623
15,15.2675459276696
15,14.7170223374626
15,14.9280203757289
15,14.7326162155305
15,14.9579798090682
10,9.91388999683276
10,10.1126347619433
10,9.82672350543427
10,10.1474086317212
10,9.90362460682435
10,10.6301861808118
10,10.3150122428052
10,10.3730522688486
10,10.2152556073479
10,10.6046528241558
10,9.90927906381531
10,9.96150658089183
10,10.5296846715625
10,9.90479109400689
10,10.0377857769194
10,9.9821576211674
10,10.0040021394354
10,10.016266009107
10,10.2482564993803
10,10.0468008553191
10,9.94821276136572
10,10.5029116475511
10,10.0356261774359
10,10.046133040987
10,10.0699427776359
5,5.26379989211542
5,5.0279306787621
5,5.03870974855989
5,4.8455018563733
5,4.9527189183261
5,5.06804813213035
5,4.8733316541221
5,5.20944885778977
5,4.59448177546396
5,5.14196735823693
5,4.58906505293872
5,4.95970716194902
5,4.8915160286665
5,4.8543715657957
5,5.03293096664578
5,4.475692172296
5,5.40297499360557
5,4.5505082691364
5,4.91094087955828
5,4.71522396848715
5,4.82475429964197
5,5.6761499636885
5,5.05521868590798
5,4.6641098408697
5,4.55781833967443
